<?xml version="1.0" encoding="UTF-8"?>
<project-private xmlns="http://www.netbeans.org/ns/project-private/1">
    <editor-bookmarks xmlns="http://www.netbeans.org/ns/editor-bookmarks/2" lastBookmarkId="0"/>
    <open-files xmlns="http://www.netbeans.org/ns/projectui-open-files/2">
        <group>
            <file>file:/C:/Users/VERONICA/Desktop/Progra%20G.%20I/Talleres/Escenario2D/src/org/yourorghere/Auto.java</file>
            <file>file:/C:/Users/VERONICA/Desktop/Progra%20G.%20I/Talleres/Escenario2D/src/org/yourorghere/Casa.java</file>
            <file>file:/C:/Users/VERONICA/Desktop/Progra%20G.%20I/Talleres/Escenario2D/src/org/yourorghere/Cuadrado.java</file>
            <file>file:/C:/Users/VERONICA/Desktop/Progra%20G.%20I/Talleres/Escenario2D/src/org/yourorghere/Casita.java</file>
        </group>
    </open-files>
</project-private>
