<?xml version="1.0" encoding="UTF-8"?>
<project-private xmlns="http://www.netbeans.org/ns/project-private/1">
    <editor-bookmarks xmlns="http://www.netbeans.org/ns/editor-bookmarks/2" lastBookmarkId="0"/>
    <open-files xmlns="http://www.netbeans.org/ns/projectui-open-files/2">
        <group>
            <file>file:/C:/Users/VERONICA/Documents/NetBeansProjects/EjerciciosdeArreglosconListas/src/ejerciciosdearreglosconlistas/EjerciciosdeArreglosconListas.java</file>
            <file>file:/C:/Users/VERONICA/Documents/NetBeansProjects/EjerciciosdeArreglosconListas/src/ejerciciosdearreglosconlistas/Ejercicio4.java</file>
            <file>file:/C:/Users/VERONICA/Documents/NetBeansProjects/EjerciciosdeArreglosconListas/src/ejerciciosdearreglosconlistas/Ejercicio7.java</file>
            <file>file:/C:/Users/VERONICA/Documents/NetBeansProjects/EjerciciosdeArreglosconListas/src/ejerciciosdearreglosconlistas/Ejercicio13.java</file>
            <file>file:/C:/Users/VERONICA/Documents/NetBeansProjects/EjerciciosdeArreglosconListas/src/ejerciciosdearreglosconlistas/Ejercicio8.java</file>
            <file>file:/C:/Users/VERONICA/Documents/NetBeansProjects/EjerciciosdeArreglosconListas/src/ejerciciosdearreglosconlistas/Ejercicio5.java</file>
            <file>file:/C:/Users/VERONICA/Documents/NetBeansProjects/EjerciciosdeArreglosconListas/src/ejerciciosdearreglosconlistas/Ejercicio2.java</file>
            <file>file:/C:/Users/VERONICA/Documents/NetBeansProjects/EjerciciosdeArreglosconListas/src/ejerciciosdearreglosconlistas/Ejercicio9.java</file>
            <file>file:/C:/Users/VERONICA/Documents/NetBeansProjects/EjerciciosdeArreglosconListas/src/ejerciciosdearreglosconlistas/Ejercicio11.java</file>
            <file>file:/C:/Users/VERONICA/Documents/NetBeansProjects/EjerciciosdeArreglosconListas/src/ejerciciosdearreglosconlistas/Ejercicio3.java</file>
            <file>file:/C:/Users/VERONICA/Documents/NetBeansProjects/EjerciciosdeArreglosconListas/src/ejerciciosdearreglosconlistas/Ejercicio12.java</file>
            <file>file:/C:/Users/VERONICA/Documents/NetBeansProjects/EjerciciosdeArreglosconListas/src/ejerciciosdearreglosconlistas/Ejercicio6.java</file>
            <file>file:/C:/Users/VERONICA/Documents/NetBeansProjects/EjerciciosdeArreglosconListas/src/ejerciciosdearreglosconlistas/Ejercicio10.java</file>
        </group>
    </open-files>
</project-private>
