<?xml version="1.0" encoding="UTF-8"?>
<project-private xmlns="http://www.netbeans.org/ns/project-private/1">
    <editor-bookmarks xmlns="http://www.netbeans.org/ns/editor-bookmarks/2" lastBookmarkId="0"/>
    <open-files xmlns="http://www.netbeans.org/ns/projectui-open-files/2">
        <group>
            <file>file:/C:/Users/VERONICA/Desktop/Progra%20G.%20I/Talleres/Ejercicios_Arreglos/src/ejercicios_arreglos/Ejercicio10.java</file>
            <file>file:/C:/Users/VERONICA/Desktop/Progra%20G.%20I/Talleres/Ejercicios_Arreglos/src/ejercicios_arreglos/Ejercicio6.java</file>
            <file>file:/C:/Users/VERONICA/Desktop/Progra%20G.%20I/Talleres/Ejercicios_Arreglos/src/ejercicios_arreglos/Ejercicio12.java</file>
            <file>file:/C:/Users/VERONICA/Desktop/Progra%20G.%20I/Talleres/Ejercicios_Arreglos/src/ejercicios_arreglos/Ejercicio3.java</file>
            <file>file:/C:/Users/VERONICA/Desktop/Progra%20G.%20I/Talleres/Ejercicios_Arreglos/src/ejercicios_arreglos/Ejercicio7.java</file>
            <file>file:/C:/Users/VERONICA/Desktop/Progra%20G.%20I/Talleres/Ejercicios_Arreglos/src/ejercicios_arreglos/Ejercicio11.java</file>
        </group>
    </open-files>
</project-private>
